{
    "batch_sizes": [
        10.0,
        11.0,
        12.0,
        13.0,
        14.0,
        15.0,
        16.0,
        17.0,
        18.0,
        19.0,
        20.0,
        21.0
    ],
    "training_throughputs": [
        2466809.4670481305,
        4853776.943938283,
        9967977.666701522,
        19709874.499758154,
        39229368.70046782,
        74237043.46564789,
        134416007.93588033,
        220340629.89083704,
        296933959.6411193,
        360455130.82766426,
        396633232.86967653,
        382053376.75936806
    ],
    "inference_throughputs": [
        26400884.696226396,
        51648335.3032087,
        104963168.79712631,
        209222421.9714464,
        414140758.5458343,
        771981577.8909285,
        1214443633.3537233,
        1697340572.2373452,
        2161745231.3201075,
        2509029910.0470357,
        2444619480.0531883,
        2155201098.4392033
    ],
    "training_time": [
        0.4156330574424477,
        0.42345832378351106,
        0.4112975003082151,
        0.4163347376611218,
        0.4199349560161856,
        0.4425356996112636,
        0.4879305835033659,
        0.5964609774579362,
        0.8839160148446039,
        1.4565305054456354,
        2.6447750465261772,
        5.489391104168369
    ],
    "inference_time": [
        0.02911130384634061,
        0.02976048227029048,
        0.029283303637505174,
        0.02938592075171305,
        0.029690129433271137,
        0.031848861993656045,
        0.040487117240968866,
        0.057946376282428304,
        0.09097801988869184,
        0.15676226691875697,
        0.3224528420557055,
        0.7319576744218973
    ]
}