{
    "batch_sizes": [
        10.0,
        11.0,
        12.0,
        13.0,
        14.0,
        15.0,
        16.0,
        17.0,
        18.0,
        19.0,
        20.0,
        21.0
    ],
    "training_throughputs": [
        2470012.885184923,
        4937044.817296896,
        9941122.059085479,
        19876149.938583888,
        39425833.55841244,
        77749833.45488797,
        141891697.35390648,
        240117459.2494861,
        376444802.6197162,
        503417207.57614183,
        570147090.81704,
        624998330.5192894
    ],
    "inference_throughputs": [
        27058983.935970835,
        54801851.839244045,
        105554294.2056651,
        216278442.2667684,
        421967581.9119552,
        832840097.2548776,
        1479237375.7427804,
        2261127528.903372,
        3062977245.8210716,
        3792255608.46109,
        4301112349.271972,
        4225398211.4551253
    ],
    "training_time": [
        0.5157433467474486,
        0.41508198002644275,
        0.41230889789521374,
        0.41245711698148335,
        0.41587841804282305,
        0.4220497524782329,
        0.462177718503995,
        0.548319917362437,
        0.6967017975591063,
        1.0422926320127386,
        1.839505825381358,
        3.3556084438924674
    ],
    "inference_time": [
        0.02840765995453441,
        0.028045996056822373,
        0.029121962900818123,
        0.028423057551693432,
        0.02914143895878965,
        0.029522188635603918,
        0.03324158088156757,
        0.04349381090387408,
        0.06420049065732097,
        0.10370230943353743,
        0.18286335853068966,
        0.37233700339454856
    ]
}