{
    "batch_sizes": [
        10,
        11,
        12,
        13,
        14,
        15,
        16,
        17,
        18,
        19,
        20,
        21
    ],
    "inference_throughputs": [
        34166272.1688283,
        67641998.9889056,
        134170461.39084518,
        267266015.00096372,
        532288237.92257607,
        1024408578.9591641,
        1677200213.4658005,
        2059848408.9740758,
        2332813324.60142,
        2576761202.5303693,
        2720764020.8932476,
        2808568607.005404
    ],
    "training_throughputs": [
        17762704.67844981,
        35319057.46595299,
        70610009.89751612,
        140471080.68407598,
        282505318.2533561,
        479262998.5809786,
        601570805.1343577,
        614522692.8162917,
        747620039.7968268,
        796630484.1707464,
        818052910.8698862,
        803245062.9893365
    ]
}